GRB,z,T90,T90_corr
230506C,3.7,31.0,6.595744680851063
050813,1.8,0.45,0.16071428571428573
